workload,backend,round,order,variant,wall_ms,traversal_us,aggregation_us,entries_per_second,files,directories,duplicate_hard_links,logical_bytes,allocated_bytes,skipped_entries
controlled_hardlinks,jwalk,1,1,baseline,11.624189999999999,11292,304,4327355.282389569,50100,202,50000,409600,409600,0
controlled_hardlinks,jwalk,1,2,candidate,11.986623999999999,11651,306,4196511.044310725,50100,202,50000,409600,409600,0
controlled_hardlinks,jwalk,2,1,candidate,9.784647,9488,270,5140911.061993345,50100,202,50000,409600,409600,0
controlled_hardlinks,jwalk,2,2,baseline,10.315407,10034,255,4876395.085525951,50100,202,50000,409600,409600,0
controlled_hardlinks,jwalk,3,1,baseline,10.060067,9775,259,5000165.505855975,50100,202,50000,409600,409600,0
controlled_hardlinks,jwalk,3,2,candidate,10.521486999999999,10239,256,4780883.158435686,50100,202,50000,409600,409600,0
controlled_hardlinks,jwalk,4,1,candidate,9.319778000000001,9041,256,5397338.863651044,50100,202,50000,409600,409600,0
controlled_hardlinks,jwalk,4,2,baseline,13.323160000000001,13091,207,3775530.7299469495,50100,202,50000,409600,409600,0
controlled_hardlinks,jwalk,5,1,baseline,9.866029,9569,273,5098505.183797859,50100,202,50000,409600,409600,0
controlled_hardlinks,jwalk,5,2,candidate,9.2759,8957,286,5422870.0180036435,50100,202,50000,409600,409600,0
controlled_hardlinks,jwalk,6,1,candidate,9.064910000000001,8743,297,5549089.842039248,50100,202,50000,409600,409600,0
controlled_hardlinks,jwalk,6,2,baseline,10.291853,10004,262,4887555.234222642,50100,202,50000,409600,409600,0
controlled_hardlinks,jwalk,7,1,baseline,10.580067,10251,300,4754412.235763724,50100,202,50000,409600,409600,0
controlled_hardlinks,jwalk,7,2,candidate,9.873451,9553,296,5094672.571930524,50100,202,50000,409600,409600,0
controlled_hardlinks,jwalk,8,1,candidate,10.243350999999999,9891,327,4910697.6808663495,50100,202,50000,409600,409600,0
controlled_hardlinks,jwalk,8,2,baseline,10.722548,10437,260,4691235.702558758,50100,202,50000,409600,409600,0
controlled_hardlinks,jwalk,9,1,baseline,14.243168,13933,282,3531658.125495676,50100,202,50000,409600,409600,0
controlled_hardlinks,jwalk,9,2,candidate,10.209568,9940,244,4926946.957990779,50100,202,50000,409600,409600,0
controlled_hardlinks,jwalk,10,1,candidate,9.956531,9676,257,5052161.239692821,50100,202,50000,409600,409600,0
controlled_hardlinks,jwalk,10,2,baseline,11.400324,11076,300,4412330.737266766,50100,202,50000,409600,409600,0
controlled_hardlinks,jwalk,11,1,baseline,10.578237000000001,10287,266,4755234.733349234,50100,202,50000,409600,409600,0
controlled_hardlinks,jwalk,11,2,candidate,9.249976,8971,255,5438068.163636317,50100,202,50000,409600,409600,0
controlled_hardlinks,jwalk,12,1,candidate,9.617425,9342,251,5230298.130736657,50100,202,50000,409600,409600,0
controlled_hardlinks,jwalk,12,2,baseline,10.636137999999999,10339,272,4729348.19010434,50100,202,50000,409600,409600,0
controlled_hardlinks,jwalk,13,1,baseline,10.104976,9807,273,4977943.539895592,50100,202,50000,409600,409600,0
controlled_hardlinks,jwalk,13,2,candidate,9.09718,8792,280,5529405.815868214,50100,202,50000,409600,409600,0
controlled_hardlinks,jwalk,14,1,candidate,9.717338000000002,9402,288,5176520.565611693,50100,202,50000,409600,409600,0
controlled_hardlinks,jwalk,14,2,baseline,12.729318,12358,331,3951664.9674397325,50100,202,50000,409600,409600,0
controlled_hardlinks,jwalk,15,1,baseline,10.514199999999999,10233,256,4784196.610298454,50100,202,50000,409600,409600,0
controlled_hardlinks,jwalk,15,2,candidate,9.004712,8722,259,5586186.43217018,50100,202,50000,409600,409600,0
controlled_hardlinks,statx,1,1,baseline,10.030961999999999,9365,627,5014673.5676996885,50100,202,50000,409600,409600,0
controlled_hardlinks,statx,1,2,candidate,9.911336,9163,712,5075198.742127197,50100,202,50000,409600,409600,0
controlled_hardlinks,statx,2,1,candidate,9.560445000000001,9013,513,5261470.569623066,50100,202,50000,409600,409600,0
controlled_hardlinks,statx,2,2,baseline,12.715268,12365,319,3956031.441885456,50100,202,50000,409600,409600,0
controlled_hardlinks,statx,3,1,baseline,10.342735000000001,10019,293,4863510.473777004,50100,202,50000,409600,409600,0
controlled_hardlinks,statx,3,2,candidate,10.296261,9930,331,4885462.790813092,50100,202,50000,409600,409600,0
controlled_hardlinks,statx,4,1,candidate,13.616499000000001,13234,348,3694194.8146876814,50100,202,50000,409600,409600,0
controlled_hardlinks,statx,4,2,baseline,9.818105000000001,9439,346,5123391.937649882,50100,202,50000,409600,409600,0
controlled_hardlinks,statx,5,1,baseline,12.606053000000001,12235,341,3990305.2922274717,50100,202,50000,409600,409600,0
controlled_hardlinks,statx,5,2,candidate,12.021714,11574,407,4184261.911404647,50100,202,50000,409600,409600,0
controlled_hardlinks,statx,6,1,candidate,11.231746000000001,10770,430,4478555.693834244,50100,202,50000,409600,409600,0
controlled_hardlinks,statx,6,2,baseline,11.662502,11145,481,4313139.667628782,50100,202,50000,409600,409600,0
controlled_hardlinks,statx,7,1,baseline,11.704072,11400,275,4297820.450865306,50100,202,50000,409600,409600,0
controlled_hardlinks,statx,7,2,candidate,11.784765,11259,486,4268392.284445213,50100,202,50000,409600,409600,0
controlled_hardlinks,statx,8,1,candidate,11.53561,11184,323,4360584.312403072,50100,202,50000,409600,409600,0
controlled_hardlinks,statx,8,2,baseline,12.858132,12229,590,3912076.808668631,50100,202,50000,409600,409600,0
controlled_hardlinks,statx,9,1,baseline,14.079535,13777,266,3572703.217826441,50100,202,50000,409600,409600,0
controlled_hardlinks,statx,9,2,candidate,12.250238,11641,563,4106205.936570375,50100,202,50000,409600,409600,0
controlled_hardlinks,statx,10,1,candidate,13.560356,13211,314,3709489.6328680455,50100,202,50000,409600,409600,0
controlled_hardlinks,statx,10,2,baseline,11.299349,10918,349,4451760.893481563,50100,202,50000,409600,409600,0
controlled_hardlinks,statx,11,1,baseline,10.951101,10590,324,4593328.104635324,50100,202,50000,409600,409600,0
controlled_hardlinks,statx,11,2,candidate,9.720487,9449,245,5174843.606086815,50100,202,50000,409600,409600,0
controlled_hardlinks,statx,12,1,candidate,9.064276,8786,251,5549477.972647788,50100,202,50000,409600,409600,0
controlled_hardlinks,statx,12,2,baseline,13.599472,13211,331,3698820.071838083,50100,202,50000,409600,409600,0
controlled_hardlinks,statx,13,1,baseline,14.264807,13879,348,3526300.776449342,50100,202,50000,409600,409600,0
controlled_hardlinks,statx,13,2,candidate,8.599029,8313,257,5849730.242798344,50100,202,50000,409600,409600,0
controlled_hardlinks,statx,14,1,candidate,12.76303,12414,319,3941227.1223996184,50100,202,50000,409600,409600,0
controlled_hardlinks,statx,14,2,baseline,11.123179,10753,341,4522268.319155881,50100,202,50000,409600,409600,0
controlled_hardlinks,statx,15,1,baseline,11.868026,11159,673,4238447.067776899,50100,202,50000,409600,409600,0
controlled_hardlinks,statx,15,2,candidate,10.445357000000001,9789,618,4815728.1747287335,50100,202,50000,409600,409600,0
development_workspace,jwalk,1,1,baseline,125.878719,122421,3033,3463333.6235332997,389915,46045,41660,83722226217,84615618560,0
development_workspace,jwalk,1,2,candidate,123.988383,120373,3120,3516135.862502538,389915,46045,41660,83722226217,84615618560,0
development_workspace,jwalk,2,1,candidate,130.989218,127470,3372,3328212.861000514,389915,46045,41660,83722226217,84615618560,0
development_workspace,jwalk,2,2,baseline,124.90807,121409,3038,3490246.8671559813,389915,46045,41660,83722226217,84615618560,0
development_workspace,jwalk,3,1,baseline,129.948384,126446,2993,3354870.4999671252,389915,46045,41660,83722226217,84615618560,0
development_workspace,jwalk,3,2,candidate,123.167126,119313,3426,3539580.8456227193,389915,46045,41660,83722226217,84615618560,0
development_workspace,jwalk,4,1,candidate,124.273764,120506,3250,3508061.4440872655,389915,46045,41660,83722226217,84615618560,0
development_workspace,jwalk,4,2,baseline,127.49047499999999,124118,2903,3419549.578115542,389915,46045,41660,83722226217,84615618560,0
development_workspace,jwalk,5,1,baseline,137.249091,131888,4645,3176414.479859834,389915,46045,41660,83722226217,84615618560,0
development_workspace,jwalk,5,2,candidate,122.62390500000001,119122,2960,3555261.105083874,389915,46045,41660,83722226217,84615618560,0
development_workspace,jwalk,6,1,candidate,121.451785,117833,3080,3589572.6028234167,389915,46045,41660,83722226217,84615618560,0
development_workspace,jwalk,6,2,baseline,126.98815599999999,123504,3016,3433076.0736457976,389915,46045,41660,83722226217,84615618560,0
development_workspace,jwalk,7,1,baseline,127.08609400000002,123451,3437,3430430.397837233,389915,46045,41660,83722226217,84615618560,0
development_workspace,jwalk,7,2,candidate,123.70700699999999,120303,2944,3524133.4389409325,389915,46045,41660,83722226217,84615618560,0
development_workspace,jwalk,8,1,candidate,123.52825200000001,120321,3040,3529233.1344573707,389915,46045,41660,83722226217,84615618560,0
development_workspace,jwalk,8,2,baseline,130.52372400000002,126732,3024,3340082.4512178334,389915,46045,41660,83722226217,84615618560,0
development_workspace,jwalk,9,1,baseline,124.705386,121156,3036,3495919.5747968736,389915,46045,41660,83722226217,84615618560,0
development_workspace,jwalk,9,2,candidate,123.63156000000001,120155,2970,3526284.0653308914,389915,46045,41660,83722226217,84615618560,0
development_workspace,jwalk,10,1,candidate,119.17868,115654,2942,3658036.823364716,389915,46045,41660,83722226217,84615618560,0
development_workspace,jwalk,10,2,baseline,130.050375,126595,2956,3352239.468744323,389915,46045,41660,83722226217,84615618560,0
development_workspace,jwalk,11,1,baseline,133.284018,129596,3217,3270909.7950513465,389915,46045,41660,83722226217,84615618560,0
development_workspace,jwalk,11,2,candidate,118.112972,115055,2927,3691042.504628535,389915,46045,41660,83722226217,84615618560,0
development_workspace,jwalk,12,1,candidate,119.47916000000001,115802,3182,3648837.169595099,389915,46045,41660,83722226217,84615618560,0
development_workspace,jwalk,12,2,baseline,124.361036,121004,2953,3505599.6156223724,389915,46045,41660,83722226217,84615618560,0
development_workspace,jwalk,13,1,baseline,124.865223,121523,2916,3491444.5313568213,389915,46045,41660,83722226217,84615618560,0
development_workspace,jwalk,13,2,candidate,121.450379,117718,3068,3589614.1583880936,389915,46045,41660,83722226217,84615618560,0
development_workspace,jwalk,14,1,candidate,122.240402,118565,3171,3566414.973013587,389915,46045,41660,83722226217,84615618560,0
development_workspace,jwalk,14,2,baseline,139.37546,135438,3430,3127953.8019103217,389915,46045,41660,83722226217,84615618560,0
development_workspace,jwalk,15,1,baseline,127.562899,123688,3470,3417608.1244437695,389915,46045,41660,83722226217,84615618560,0
development_workspace,jwalk,15,2,candidate,121.190906,117647,3047,3597299.619164494,389915,46045,41660,83722226217,84615618560,0
development_workspace,statx,1,1,baseline,163.16011999999998,159785,3246,2671976.4609145913,389915,46045,41660,83722226217,84615618560,0
development_workspace,statx,1,2,candidate,155.772556,150360,5294,2798695.8113468974,389915,46045,41660,83722226217,84615618560,0
development_workspace,statx,2,1,candidate,147.470144,142858,4494,2956259.4039373826,389915,46045,41660,83722226217,84615618560,0
development_workspace,statx,2,2,baseline,150.20974900000002,146989,3092,2902341.5783751826,389915,46045,41660,83722226217,84615618560,0
development_workspace,statx,3,1,baseline,154.843691,151641,3081,2815484.4229333177,389915,46045,41660,83722226217,84615618560,0
development_workspace,statx,3,2,candidate,153.531992,150376,3037,2839538.485242867,389915,46045,41660,83722226217,84615618560,0
development_workspace,statx,4,1,candidate,142.685257,139446,3110,3055396.2558304113,389915,46045,41660,83722226217,84615618560,0
development_workspace,statx,4,2,baseline,170.71438,167526,3067,2553739.1753407065,389915,46045,41660,83722226217,84615618560,0
development_workspace,statx,5,1,baseline,158.37674900000002,155162,3083,2752676.7833831464,389915,46045,41660,83722226217,84615618560,0
development_workspace,statx,5,2,candidate,161.602726,157826,3664,2697726.7697823364,389915,46045,41660,83722226217,84615618560,0
development_workspace,statx,6,1,candidate,151.74795899999998,148477,3139,2872921.6713880156,389915,46045,41660,83722226217,84615618560,0
development_workspace,statx,6,2,baseline,160.773627,157468,3172,2711638.7689630217,389915,46045,41660,83722226217,84615618560,0
development_workspace,statx,7,1,baseline,163.681247,160458,3099,2663469.4443646315,389915,46045,41660,83722226217,84615618560,0
development_workspace,statx,7,2,candidate,169.971498,166732,3111,2564900.6164551186,389915,46045,41660,83722226217,84615618560,0
development_workspace,statx,8,1,candidate,152.65419699999998,149391,3150,2855866.4522011145,389915,46045,41660,83722226217,84615618560,0
development_workspace,statx,8,2,baseline,159.704626,156448,3124,2729789.4301446225,389915,46045,41660,83722226217,84615618560,0
development_workspace,statx,9,1,baseline,163.939254,160657,3172,2659277.6858677175,389915,46045,41660,83722226217,84615618560,0
development_workspace,statx,9,2,candidate,174.739772,167531,7041,2494909.9739010762,389915,46045,41660,83722226217,84615618560,0
development_workspace,statx,10,1,candidate,153.388886,149805,3464,2842187.6667126976,389915,46045,41660,83722226217,84615618560,0
development_workspace,statx,10,2,baseline,158.270524,154764,3386,2754524.272630828,389915,46045,41660,83722226217,84615618560,0
development_workspace,statx,11,1,baseline,182.62838200000002,177477,5034,2387142.651244646,389915,46045,41660,83722226217,84615618560,0
development_workspace,statx,11,2,candidate,172.89906499999998,169682,3091,2521471.1253643855,389915,46045,41660,83722226217,84615618560,0
development_workspace,statx,12,1,candidate,154.509577,151245,3139,2821572.671835093,389915,46045,41660,83722226217,84615618560,0
development_workspace,statx,12,2,baseline,179.67777600000002,176361,3189,2426343.47833869,389915,46045,41660,83722226217,84615618560,0
development_workspace,statx,13,1,baseline,167.222949,163551,3547,2607058.436698183,389915,46045,41660,83722226217,84615618560,0
development_workspace,statx,13,2,candidate,175.29767700000002,171440,3744,2486969.636226269,389915,46045,41660,83722226217,84615618560,0
development_workspace,statx,14,1,candidate,210.60277399999998,207431,3044,2070058.2035068541,389915,46045,41660,83722226217,84615618560,0
development_workspace,statx,14,2,baseline,155.941834,152446,3369,2795657.770704428,389915,46045,41660,83722226217,84615618560,0
development_workspace,statx,15,1,baseline,156.4627,151528,4814,2786350.996116007,389915,46045,41660,83722226217,84615618560,0
development_workspace,statx,15,2,candidate,142.831182,139566,3132,3052274.6776680737,389915,46045,41660,83722226217,84615618560,0
